Tamanho amostra;Heuristica;Tempo;Fáctivel;Resultado;Teste;ID CHECKER
1000;Solver method;128.8697795;TRUE;8915.66;1;1000128.8697794957468915.66
1000;Next Product2Buy;0.141278948;FALSE;9095.58;1;10000.1412789476447929095.58
1000;Next Product Improved V2.1;1.948974032;TRUE;8698.83;1;10001.948974032452898698.83
20;Solver method;0.128382969;TRUE;109.58;1;200.1283829688075109.58
20;Next Product2Buy;0.002795072;FALSE;166.99;1;200.00279507233631193166.99
20;Next Product Improved V2.1;0.00923978;TRUE;109.58;1;200.00923977970910527109.58
2500;Solver method;627.5505156;TRUE;22459.34;1;2500627.5505156094122459.34
2500;Next Product2Buy;0.213897495;FALSE;25161.39;1;25000.21389749514253225161.39
2500;Next Product Improved V2.1;18.48559182;TRUE;22459.34;1;250018.48559181851622459.34
3000;Solver method;879.8179798;TRUE;26948.24;1;3000879.81797978587926948.24
3000;Next Product2Buy;0.297214281;FALSE;30737.66;1;30000.29721428149446130737.66
3000;Next Product Improved V2.1;24.00323774;TRUE;26948.24;1;300024.003237738276526948.24
3500;Solver method;1125.792281;TRUE;27089.12;1;35001125.7922813665127089.12
3500;Next Product2Buy;0.220397587;FALSE;28632.71;1;35000.22039758703976928632.71
3500;Next Product Improved V2.1;10.84298857;TRUE;26535.02;1;350010.842988565352226535.02
3500;Solver method;1276.598331;TRUE;30107.46;2;35001276.598330505330107.46
3500;Next Product2Buy;0.242900935;FALSE;29509.54;2;35000.24290093472677629509.54
3500;Next Product Improved V2.1;6.996302775;TRUE;28739.01;2;35006.9963027752980928739.01
10;Solver method;0.091109184;TRUE;78.71;3;100.091109183820826578.71
10;Next Product2Buy;0.005337017;FALSE;93.68;3;100.0053370168828440893.68
10;Next Product Improved V2.1;0.006261323;TRUE;78.71;3;100.0062613230583416578.71
20;Solver method;0.107875515;TRUE;174.87;3;200.107875515281205174.87
20;Next Product2Buy;0.004176403;FALSE;214.04;3;200.00417640340282518214.04
20;Next Product Improved V2.1;0.015461718;TRUE;168.84;3;200.0154617182166675168.84
30;Solver method;0.200144492;TRUE;261.59;3;300.200144492070577261.59
30;Next Product2Buy;0.006158349;FALSE;256.56;3;300.00615834886835053256.56
30;Next Product Improved V2.1;0.012582954;TRUE;248.86;3;300.0125829537100247248.86
40;Solver method;0.281704974;TRUE;356.02;3;400.28170497361235356.02
40;Next Product2Buy;0.005881837;FALSE;404.62;3;400.00588183650160167404.62
40;Next Product Improved V2.1;0.024493088;TRUE;353.76;3;400.0244930880113427353.76
50;Solver method;0.412869887;TRUE;450.07;3;500.412869886572493450.07
50;Next Product2Buy;0.008169012;FALSE;454.54;3;500.00816901223546717454.54
50;Next Product Improved V2.1;0.012230544;TRUE;438.29;3;500.0122305440319279438.29
60;Solver method;0.535684865;TRUE;457.17;3;600.535684864517145457.17
60;Next Product2Buy;0.007212706;FALSE;510.31;3;600.00721270611248225510.31
60;Next Product Improved V2.1;0.050758481;TRUE;456.64;3;600.0507584808065955456.64
70;Solver method;0.678172015;TRUE;623.39;3;700.678172015307462623.39
70;Next Product2Buy;0.008494345;FALSE;648.47;3;700.0084943450349213648.47
70;Next Product Improved V2.1;0.028598107;TRUE;613.37;3;700.0285981069159273613.37
80;Solver method;0.823119059;TRUE;714.04;3;800.823119059496928714.04
80;Next Product2Buy;0.00710645;FALSE;755.53;3;800.00710644987659536755.53
80;Next Product Improved V2.1;0.050540635;TRUE;703.53;3;800.0505406350102397703.53
90;Solver method;1.076717413;TRUE;461.44;3;901.07671741256629461.44
90;Next Product2Buy;0.010562034;FALSE;972.08;3;900.0105620339494825972.08
90;Next Product Improved V2.1;0.059550672;TRUE;459.27;3;900.0595506715065905459.27
100;Solver method;1.314907791;TRUE;883.04;3;1001.31490779092054883.04
100;Next Product2Buy;0.01118193;FALSE;875.42;3;1000.0111819303681137875.42
100;Next Product Improved V2.1;0.016716691;TRUE;847;3;1000.0167166905161995847
150;Solver method;2.804794987;TRUE;1344.59;3;1502.804794987003091344.59
150;Next Product2Buy;0.017989304;FALSE;1566.38;3;1500.01798930381242591566.38
150;Next Product Improved V2.1;0.114849453;TRUE;1327.78;3;1500.1148494525547431327.78
200;Solver method;4.827172386;TRUE;1725.61;3;2004.827172386178641725.61
200;Next Product2Buy;0.021585195;FALSE;1944.81;3;2000.0215851953473721944.81
200;Next Product Improved V2.1;0.168412442;TRUE;1698.39;3;2000.1684124415795811698.39
250;Solver method;7.560038876;TRUE;1944.65;3;2507.560038875833641944.65
250;Next Product2Buy;0.019419045;FALSE;2173.62;3;2500.01941904505592612173.62
250;Next Product Improved V2.1;0.063720921;TRUE;1925.98;3;2500.0637209210733581925.98
300;Solver method;10.87315467;TRUE;2689.15;3;30010.87315466969482689.15
300;Next Product2Buy;0.025632368;FALSE;3089.47;3;3000.02563236819303683089.47
300;Next Product Improved V2.1;0.313752511;TRUE;2651.66;3;3000.3137525107651122651.66
350;Solver method;18.52336406;TRUE;3103.42;3;35018.5233640642233103.42
350;Next Product2Buy;0.040980035;FALSE;3210.19;3;3500.04098003531480993210.19
350;Next Product Improved V2.1;0.31784276;TRUE;3036.87;3;3500.3178427604631653036.87
400;Solver method;25.03020836;TRUE;3258.11;3;40025.03020836068373258.11
400;Next Product2Buy;0.022540271;FALSE;3166.51;3;4000.02254027070314633166.51
400;Next Product Improved V2.1;0.114494992;TRUE;3048.46;3;4000.114494991597953048.46
450;Solver method;28.16055481;TRUE;3958.23;3;45028.16055481344853958.23
450;Next Product2Buy;0.035093686;FALSE;3972.88;3;4500.03509368600010983972.88
450;Next Product Improved V2.1;0.233122079;TRUE;3824.33;3;4500.233122078979153824.33
500;Solver method;38.33246715;TRUE;4072.18;3;50038.33246714672054072.18
500;Next Product2Buy;0.030093079;FALSE;4939.61;3;5000.03009307882163624939.61
500;Next Product Improved V2.1;0.818260811;TRUE;3952.86;3;5000.8182608110591613952.86
600;Solver method;48.71063268;TRUE;5402.96;3;60048.71063267998735402.96
600;Next Product2Buy;0.041878085;FALSE;5603.41;3;6000.04187808512315885603.41
600;Next Product Improved V2.1;0.484388949;TRUE;5345.24;3;6000.4843889486950555345.24
700;Solver method;56.14495648;TRUE;5936.59;3;70056.14495648007145936.59
700;Next Product2Buy;0.04576854;FALSE;5786.15;3;7000.04576854027726545786.15
700;Next Product Improved V2.1;0.324824493;TRUE;5623.69;3;7000.3248244925957025623.69
800;Solver method;65.43455642;TRUE;7258.2;3;80065.43455641508697258.2
800;Next Product2Buy;0.048250587;FALSE;8721.73;3;8000.04825058748620848721.73
800;Next Product Improved V2.1;1.858904026;TRUE;7258.2;3;8001.858904026413917258.2
900;Solver method;85.06819476;TRUE;8108.4;3;90085.06819475988558108.4
900;Next Product2Buy;0.032328562;FALSE;8478.22;3;9000.03232856233259448478.22
900;Next Product Improved V2.1;1.276572674;TRUE;8064.41;3;9001.276572674342278064.41
1000;Solver method;111.1325352;TRUE;7435.31;3;1000111.1325351671217435.31
1000;Next Product2Buy;0.076703054;FALSE;9979.52;3;10000.07670305361551759979.52
1000;Next Product Improved V2.1;3.255815785;TRUE;7363.88;3;10003.255815785327967363.88
1200;Solver method;151.2577329;TRUE;9879.83;3;1200151.2577329103879879.83
1200;Next Product2Buy;0.047366897;FALSE;9578.96;3;12000.04736689662865959578.96
1200;Next Product Improved V2.1;0.866912629;TRUE;9379.91;3;12000.8669126286561669379.91
1400;Solver method;203.0473173;TRUE;12632.41;3;1400203.04731725568412632.41
1400;Next Product2Buy;0.07544603;FALSE;13635.99;3;14000.075446030037255713635.99
1400;Next Product Improved V2.1;5.281055949;TRUE;12489.59;3;14005.2810559490363812489.59
1600;Solver method;251.1351653;TRUE;13970.16;3;1600251.13516531665113970.16
1600;Next Product2Buy;0.080896278;FALSE;13897.12;3;16000.080896277503484213897.12
1600;Next Product Improved V2.1;1.75819732;TRUE;13414.86;3;16001.7581973198813313414.86
1800;Solver method;309.2988143;TRUE;16097.07;3;1800309.29881427886816097.07
1800;Next Product2Buy;0.145602633;FALSE;16374.45;3;18000.14560263285716216374.45
1800;Next Product Improved V2.1;2.79674659;TRUE;15700.83;3;18002.796746589954415700.83
2000;Solver method;406.1938766;TRUE;16674.22;3;2000406.1938766049216674.22
2000;Next Product2Buy;0.086085192;FALSE;16172.2;3;20000.086085192065411316172.2
2000;Next Product Improved V2.1;3.763561414;TRUE;16234.35;3;20003.7635614136427116234.35
2200;Solver method;441.2909435;TRUE;19842.6;3;2200441.29094352255419842.6
2200;Next Product2Buy;0.146639349;FALSE;23293.2;3;22000.14663934910464623293.2
2200;Next Product Improved V2.1;12.49644308;TRUE;19706.82;3;220012.4964430827619706.82
2400;Solver method;543.3458817;TRUE;21277.29;3;2400543.34588168880921277.29
2400;Next Product2Buy;0.173627613;FALSE;21262.66;3;24000.17362761250853921262.66
2400;Next Product Improved V2.1;4.298660023;TRUE;20574.44;3;24004.2986600227118220574.44
1400;Solver method;427.9317929;TRUE;11980.11;4;1400427.93179293244211980.11
1400;Next Product2Buy;0.15528713;FALSE;11918.42;4;14000.15528712978522211918.42
1400;Next Product Improved V2.1;4.941080712;TRUE;11899.1;4;14004.9410807120726711899.1
1600;Solver method;492.4949822;TRUE;14054.64;4;1600492.4949821620814054.64
1600;Next Product2Buy;0.12767938;FALSE;16477.54;4;16000.12767938021852316477.54
1600;Next Product Improved V2.1;13.38377045;TRUE;13884.51;4;160013.383770447145913884.51
1800;Solver method;537.4463279;TRUE;16200.16;4;1800537.44632788294916200.16
1800;Next Product2Buy;0.244537035;FALSE;19628.73;4;18000.24453703460585519628.73
1800;Next Product Improved V2.1;17.09078303;TRUE;16199.05;4;180017.0907830305116199.05
2500;Solver method;1040.647921;TRUE;22464.66;4;25001040.6479213982822464.66
2500;Next Product2Buy;0.286632145;FALSE;26763.67;4;25000.28663214501375426763.67
2500;Next Product Improved V2.1;29.32325937;TRUE;22464.66;4;250029.32325936695922464.66
3000;Solver method;1837.796931;TRUE;26697.26;4;30001837.7969307947826697.26
3000;Next Product2Buy;0.521770221;FALSE;26712.71;4;30000.52177022068462926712.71
3000;Next Product Improved V2.1;15.4033097;TRUE;25846.25;4;300015.403309697132525846.25
1400;Solver method;431.1448588;TRUE;12538.21;5;1400431.14485883920612538.21
1400;Next Product2Buy;0.093096463;FALSE;12765.54;5;14000.093096462610901612765.54
1400;Next Product Improved V2.1;1.938064512;TRUE;12263.62;5;14001.9380645118941412263.62
1600;Solver method;307.3016824;TRUE;13782.14;5;1600307.30168237672613782.14
1600;Next Product2Buy;0.1311924;FALSE;13557.43;5;16000.13119240009450513557.43
1600;Next Product Improved V2.1;2.719476973;TRUE;13259.15;5;16002.7194769731660213259.15
1800;Solver method;350.7688488;TRUE;16166.5;5;1800350.76884878958116166.5
1800;Next Product2Buy;0.147207553;FALSE;18316.06;5;18000.14720755330040418316.06
1800;Next Product Improved V2.1;9.537788246;TRUE;16122.97;5;18009.5377882456809816122.97
2500;Solver method;691.1903886;TRUE;14205.74;5;2500691.19038861064414205.74
2500;Next Product2Buy;0.209650938;FALSE;26453.77;5;25000.20965093800873526453.77
2500;Next Product Improved V2.1;18.24472657;TRUE;14197.47;5;250018.244726572756414197.47
3000;Solver method;1074.596853;TRUE;25368.23;5;30001074.5968531743925368.23
3000;Next Product2Buy;0.264529207;FALSE;24780.98;5;30000.26452920692645424780.98
3000;Next Product Improved V2.1;7.79438844;TRUE;24573.77;5;30007.7943884399783224573.77
3500;Solver method;1345.949716;TRUE;31337;5;35001345.9497161850831337
3500;Next Product2Buy;0.284413072;FALSE;32051.25;5;35000.2844130717321632051.25
3500;Next Product Improved V2.1;11.3713196;TRUE;30761.12;5;350011.371319595782530761.12
10;Solver method;0.059246408;TRUE;91.07;6;100.059246407586795991.07
10;Next Product2Buy;0.002743387;FALSE;85.39;6;100.0027433868663687285.39
10;Next Product Improved V2.1;0.006516108;TRUE;84.83;6;100.0065161079106526484.83
20;Solver method;0.127893438;TRUE;181.51;6;200.127893438271539181.51
20;Next Product2Buy;0.005188517;FALSE;188.66;6;200.0051885170777576188.66
20;Next Product Improved V2.1;0.008526776;TRUE;181.51;6;200.00852677622709846181.51
30;Solver method;0.16463193;TRUE;262.26;6;300.164631929954404262.26
30;Next Product2Buy;0.006545236;FALSE;249.69;6;300.00654523613968094249.69
30;Next Product Improved V2.1;0.007618878;TRUE;250.2;6;300.00761887804625893250.2
40;Solver method;0.255149338;TRUE;343.89;6;400.25514933755843343.89
40;Next Product2Buy;0.007645955;FALSE;323.68;6;400.00764595499155285323.68
40;Next Product Improved V2.1;0.010747086;TRUE;319.16;6;400.0107470857411985319.16
50;Solver method;0.346928695;TRUE;435.71;6;500.346928694915852435.71
50;Next Product2Buy;0.00754216;FALSE;524.74;6;500.00754216003459284524.74
50;Next Product Improved V2.1;0.024409866;TRUE;426.65;6;500.0244098661824543426.65
60;Solver method;0.482829935;TRUE;529.4;6;600.482829934629689529.4
60;Next Product2Buy;0.007296416;FALSE;516.48;6;600.0072964162432132516.48
60;Next Product Improved V2.1;0.019884324;TRUE;516.83;6;600.0198843240076505516.83
70;Solver method;0.62743354;TRUE;620.31;6;700.627433540458289620.31
70;Next Product2Buy;0.004774568;FALSE;666.48;6;700.00477456802015829666.48
70;Next Product Improved V2.1;0.036036953;TRUE;620.31;6;700.0360369526457047620.31
80;Solver method;0.744767791;TRUE;701.22;6;800.744767790578699701.22
80;Next Product2Buy;0.007655391;FALSE;813.83;6;800.00765539089673072813.83
80;Next Product Improved V2.1;0.041899932;TRUE;686.11;6;800.0418999318153283686.11
90;Solver method;1.034935824;TRUE;810.88;6;901.03493582353708810.88
90;Next Product2Buy;0.00810175;FALSE;911.46;6;900.0081017502373335911.46
90;Next Product Improved V2.1;0.057091329;TRUE;810.88;6;900.0570913288954493810.88
100;Solver method;1.205139861;TRUE;717;6;1001.20513986062757717
100;Next Product2Buy;0.012295395;FALSE;958.96;6;1000.0122953947039139958.96
100;Next Product Improved V2.1;0.050458298;TRUE;711.56;6;1000.0504582978119367711.56
150;Solver method;2.409640952;TRUE;1310.74;6;1502.409640951500261310.74
150;Next Product2Buy;0.01209601;FALSE;1357.25;6;1500.01209600992493161357.25
150;Next Product Improved V2.1;0.097144285;TRUE;1291.62;6;1500.09714428483633591291.62
200;Solver method;3.90735336;TRUE;1797.34;6;2003.907353359879671797.34
200;Next Product2Buy;0.013363703;FALSE;2066.87;6;2000.01336370327278222066.87
200;Next Product Improved V2.1;0.138449755;TRUE;1797.34;6;2000.1384497546254391797.34
250;Solver method;6.198631958;TRUE;2199.84;6;2506.198631957851862199.84
250;Next Product2Buy;0.019484324;FALSE;2713.13;6;2500.01948432367944612713.13
250;Next Product Improved V2.1;0.218130641;TRUE;2172.56;6;2500.2181306405174472172.56
300;Solver method;9.549420348;TRUE;2624.5;6;3009.549420348242332624.5
300;Next Product2Buy;0.0157075;FALSE;2632.07;6;3000.01570750006769112632.07
300;Next Product Improved V2.1;0.198346009;TRUE;2566.96;6;3000.1983460088992892566.96
350;Solver method;13.50443939;TRUE;1028.61;6;35013.50443938825791028.61
350;Next Product2Buy;0.018713862;FALSE;2790.53;6;3500.01871386150880732790.53
350;Next Product Improved V2.1;0.475943365;TRUE;1027.39;6;3500.4759433648766061027.39
400;Solver method;16.69492406;TRUE;3586.45;6;40016.69492405737353586.45
400;Next Product2Buy;0.02614156;FALSE;4300.98;6;4000.0261415599110254300.98
400;Next Product Improved V2.1;0.98565004;TRUE;3586.45;6;4000.9856500395077243586.45
450;Solver method;21.36442532;TRUE;3543.26;6;45021.36442532465663543.26
450;Next Product2Buy;0.020838581;FALSE;3716;6;4500.02083858120089133716
450;Next Product Improved V2.1;0.202481807;TRUE;3477.09;6;4500.2024818071645593477.09
500;Solver method;24.52884515;TRUE;4278.75;6;50024.52884515187294278.75
500;Next Product2Buy;0.019993452;FALSE;4238.29;6;5000.01999345230231594238.29
500;Next Product Improved V2.1;0.151276432;TRUE;4157.33;6;5000.1512764318165554157.33
600;Solver method;72.36933733;TRUE;4539.3;6;60072.3693373286874539.3
600;Next Product2Buy;0.03032864;FALSE;4944.31;6;6000.03032864026965854944.31
600;Next Product Improved V2.1;0.252458053;TRUE;4441.96;6;6000.2524580532989094441.96
700;Solver method;46.80941523;TRUE;5122.2;6;70046.80941522823815122.2
700;Next Product2Buy;0.033728438;FALSE;5728.75;6;7000.03372843793101765728.75
700;Next Product Improved V2.1;1.285901363;TRUE;5071.45;6;7001.285901362790835071.45
800;Solver method;60.12740359;TRUE;6958.44;6;80060.12740359171576958.44
800;Next Product2Buy;0.039591827;FALSE;6876.48;6;8000.03959182735741256876.48
800;Next Product Improved V2.1;0.392303501;TRUE;6652.53;6;8000.3923035013772276652.53
900;Solver method;77.30077194;TRUE;7247.82;6;90077.30077193909497247.82
900;Next Product2Buy;0.0567582;FALSE;7329.23;6;9000.05675820041699357329.23
900;Next Product Improved V2.1;0.46331197;TRUE;7151.73;6;9000.4633119698970067151.73
1000;Solver method;93.30425994;TRUE;8690.23;6;100093.30425994195688690.23
1000;Next Product2Buy;0.049549169;FALSE;8610.56;6;10000.04954916886083538610.56
1000;Next Product Improved V2.1;0.604248701;TRUE;8346.21;6;10000.6042487009220288346.21
10;Solver method;0.054893448;TRUE;90.74;7;100.054893448379982190.74
10;Next Product2Buy;0.002722047;FALSE;102.65;7;100.00272204681510265102.65
10;Next Product Improved V2.1;0.006233426;TRUE;89.92;7;100.0062334256682245489.92
20;Solver method;0.101559218;TRUE;181.13;7;200.101559217954103181.13
20;Next Product2Buy;0.002584201;FALSE;187.99;7;200.00258420088746519187.99
20;Next Product Improved V2.1;0.008971062;TRUE;176.09;7;200.00897106220133384176.09
30;Solver method;0.226639628;TRUE;256.25;7;300.226639628078559256.25
30;Next Product2Buy;0.00662522;FALSE;271.92;7;300.00662521989707504271.92
30;Next Product Improved V2.1;0.017810022;TRUE;248.29;7;300.0178100220553484248.29
40;Solver method;0.304192321;TRUE;337.73;7;400.304192321325421337.73
40;Next Product2Buy;0.006460707;FALSE;364.07;7;400.00646070734653159364.07
40;Next Product Improved V2.1;0.022344579;TRUE;329.62;7;400.0223445787165887329.62
50;Solver method;0.352757985;TRUE;442.28;7;500.352757985217665442.28
50;Next Product2Buy;0.010690034;FALSE;432.84;7;500.0106900337394317432.84
50;Next Product Improved V2.1;0.012719159;TRUE;421.29;7;500.0127191586147139421.29
60;Solver method;0.518820482;TRUE;511.72;7;600.518820481935619511.72
60;Next Product2Buy;0.006666656;FALSE;508.86;7;600.00666665572651359508.86
60;Next Product Improved V2.1;0.012477518;TRUE;493.24;7;600.0124775179856115493.24
70;Solver method;0.621575595;TRUE;574.8;7;700.621575595363125574.8
70;Next Product2Buy;0.006578861;FALSE;710.61;7;700.00657886099879245710.61
70;Next Product Improved V2.1;0.039232756;TRUE;559.41;7;700.0392327561308616559.41
80;Solver method;0.870995494;TRUE;722.38;7;800.870995493750984722.38
80;Next Product2Buy;0.007925731;FALSE;861.62;7;800.00792573058341661861.62
80;Next Product Improved V2.1;0.052517657;TRUE;716.57;7;800.0525176574069212716.57
90;Solver method;1.060440516;TRUE;714.15;7;901.06044051620017714.15
90;Next Product2Buy;0.008413525;FALSE;759.25;7;900.00841352465472855759.25
90;Next Product Improved V2.1;0.019631968;TRUE;709.98;7;900.0196319677834377709.98
100;Solver method;1.346978302;TRUE;905.44;7;1001.34697830239458905.44
100;Next Product2Buy;0.008034859;FALSE;1055.47;7;1000.008034858609462951055.47
100;Next Product Improved V2.1;0.058199289;TRUE;905.44;7;1000.0581992891088587905.44
150;Solver method;2.438610562;TRUE;1335.7;7;1502.43861056228011335.7
150;Next Product2Buy;0.009903573;FALSE;1409.35;7;1500.0099035734915721409.35
150;Next Product Improved V2.1;0.046071309;TRUE;1321.31;7;1500.04607130901118591321.31
200;Solver method;4.32366552;TRUE;1782.55;7;2004.323665520138631782.55
200;Next Product2Buy;0.01482336;FALSE;2005.35;7;2000.01482336028987062005.35
200;Next Product Improved V2.1;0.140278744;TRUE;1714.31;7;2000.1402787441579581714.31
250;Solver method;6.720481689;TRUE;2135.52;7;2506.720481689465942135.52
250;Next Product2Buy;0.013007568;FALSE;2127.08;7;2500.0130075683978392127.08
250;Next Product Improved V2.1;0.069612193;TRUE;2061.75;7;2500.06961219345691562061.75
300;Solver method;9.421134078;TRUE;2693.09;7;3009.421134078138942693.09
300;Next Product2Buy;0.015858025;FALSE;2799.13;7;3000.01585802525862682799.13
300;Next Product Improved V2.1;0.168037058;TRUE;2668.48;7;3000.1680370575802142668.48
350;Solver method;12.65281862;TRUE;2910.65;7;35012.65281862101552910.65
350;Next Product2Buy;0.013605721;FALSE;2852.48;7;3500.01360572126240812852.48
350;Next Product Improved V2.1;0.086727242;TRUE;2761.17;7;3500.08672724229376172761.17
400;Solver method;15.99871426;TRUE;3625.62;7;40015.99871425852013625.62
400;Next Product2Buy;0.018257201;FALSE;4287.22;7;4000.01825720080869784287.22
400;Next Product Improved V2.1;0.446248704;TRUE;3625.62;7;4000.4462487035918693625.62
450;Solver method;19.49655467;TRUE;4056.75;7;45019.49655467232054056.75
450;Next Product2Buy;0.026850007;FALSE;4832.49;7;4500.02685000722048864832.49
450;Next Product Improved V2.1;0.583088684;TRUE;4056.75;7;4500.5830886841621634056.75
500;Solver method;24.42172731;TRUE;4128.1;7;50024.42172730793464128.1
500;Next Product2Buy;0.018027047;FALSE;4017.3;7;5000.01802704734024014017.3
500;Next Product Improved V2.1;0.168583108;TRUE;3900.91;7;5000.1685831079661853900.91
600;Solver method;33.71099822;TRUE;5400.42;7;60033.7109982178495400.42
600;Next Product2Buy;0.029222516;FALSE;6111.83;7;6000.02922251614765516111.83
600;Next Product Improved V2.1;1.027739852;TRUE;5335.33;7;6001.027739851914075335.33
700;Solver method;44.49259776;TRUE;6314.52;7;70044.4925977557376314.52
700;Next Product2Buy;0.035285275;FALSE;6810.29;7;7000.03528527542928826810.29
700;Next Product Improved V2.1;1.356193467;TRUE;6314.52;7;7001.356193466759436314.52
800;Solver method;56.55852544;TRUE;6997.74;7;80056.55852544241986997.74
800;Next Product2Buy;0.041408342;FALSE;7267.72;7;8000.04140834230426547267.72
800;Next Product Improved V2.1;0.889168592;TRUE;6754.79;7;8000.8891685921336146754.79
10;Solver method;0.036516863;TRUE;91.7;8;100.036516863151814391.7
10;Next Product2Buy;0.002109945;FALSE;85.48;8;100.0021099452554744485.48
10;Next Product Improved V2.1;0.006591989;TRUE;84.92;8;100.0065919891823767284.92
20;Solver method;0.100435527;TRUE;171.1;8;200.100435527490416171.1
20;Next Product2Buy;0.003607379;FALSE;204.3;8;200.00360737869558366204.3
20;Next Product Improved V2.1;0.008371679;TRUE;165.57;8;200.00837167856955312165.57
30;Solver method;0.17585366;TRUE;266.69;8;300.175853660137583266.69
30;Next Product2Buy;0.002744201;FALSE;330.26;8;300.00274420062490154330.26
30;Next Product Improved V2.1;0.009459267;TRUE;262.65;8;300.00945926652838313262.65
40;Solver method;0.247356722;TRUE;341.91;8;400.247356722286404341.91
40;Next Product2Buy;0.007620911;FALSE;376.64;8;400.00762091057081337376.64
40;Next Product Improved V2.1;0.014114849;TRUE;338.07;8;400.0141148486320432338.07
50;Solver method;0.416014497;TRUE;433.37;8;500.416014496796723433.37
50;Next Product2Buy;0.004615787;FALSE;448.74;8;500.00461578729716949448.74
50;Next Product Improved V2.1;0.025123241;TRUE;420.63;8;500.0251232408233996420.63
60;Solver method;0.469073692;TRUE;301.4;8;600.469073691776505301.4
60;Next Product2Buy;0.006262964;FALSE;494.98;8;600.00626296408128967494.98
60;Next Product Improved V2.1;0.032899228;TRUE;299.91;8;600.0328992280628051299.91
70;Solver method;0.681061857;TRUE;603.4;8;700.681061856719004603.4
70;Next Product2Buy;0.006347477;FALSE;737.84;8;700.00634747676311509737.84
70;Next Product Improved V2.1;0.031573692;TRUE;588.29;8;700.0315736917765057588.29
80;Solver method;0.806347395;TRUE;631.65;8;800.806347394711967631.65
80;Next Product2Buy;0.009414959;FALSE;656.38;8;800.00941495890878529656.38
80;Next Product Improved V2.1;0.01878479;TRUE;616.5;8;800.0187847896864989616.5
90;Solver method;0.983863821;TRUE;819.73;8;900.983863821351677819.73
90;Next Product2Buy;0.009581112;FALSE;827.26;8;900.00958111248227666827.26
90;Next Product Improved V2.1;0.02688652;TRUE;806.35;8;900.0268865199810948806.35
100;Solver method;1.195069629;TRUE;870.24;8;1001.19506962860368870.24
100;Next Product2Buy;0.006691271;FALSE;860.19;8;1000.00669127107073475860.19
100;Next Product Improved V2.1;0.020066429;TRUE;843.17;8;1000.0200664286089375843.17
150;Solver method;2.754781941;TRUE;1338.36;8;1502.754781940870661338.36
150;Next Product2Buy;0.013083055;FALSE;1578.02;8;1500.0130830554534481578.02
150;Next Product Improved V2.1;0.082280891;TRUE;1319.34;8;1500.08228089061597461319.34
200;Solver method;4.231876132;TRUE;1798.21;8;2004.231876132305831798.21
200;Next Product2Buy;0.013340696;FALSE;2062.7;8;2000.01334069605629472062.7
200;Next Product Improved V2.1;0.171316232;TRUE;1798.21;8;2000.1713162316861841798.21
250;Solver method;6.498594874;TRUE;2127.17;8;2506.498594874100712127.17
250;Next Product2Buy;0.011423571;FALSE;2116.4;8;2500.01142357099721632116.4
250;Next Product Improved V2.1;0.068934451;TRUE;2020.63;8;2500.06893445097936282020.63
300;Solver method;9.564573843;TRUE;2733.09;8;3009.564573842750612733.09
300;Next Product2Buy;0.03100877;FALSE;2978.7;8;3000.03100876962663432978.7
300;Next Product Improved V2.1;0.303883809;TRUE;2730.28;8;3000.3038838090111852730.28
350;Solver method;12.72468845;TRUE;3041.58;8;35012.72468845179333041.58
350;Next Product2Buy;0.029302926;FALSE;3334.16;8;3500.02930292627211623334.16
350;Next Product Improved V2.1;0.356870799;TRUE;3000.84;8;3500.3568707989812483000.84
400;Solver method;15.88231322;TRUE;3480.46;8;40015.8823132187683480.46
400;Next Product2Buy;0.019015353;FALSE;3739.94;8;4000.01901535341070113739.94
400;Next Product Improved V2.1;0.439474561;TRUE;3439.4;8;4000.4394745608622583439.4
450;Solver method;19.44085466;TRUE;3425.7;8;45019.44085466116153425.7
450;Next Product2Buy;0.022509502;FALSE;3912.26;8;4500.0225095015228763912.26
450;Next Product Improved V2.1;0.597915737;TRUE;3393.99;8;4500.5979157367536623393.99
500;Solver method;24.82513177;TRUE;4113.22;8;50024.82513177414274113.22
500;Next Product2Buy;0.039808755;FALSE;4294.13;8;5000.0398087551856324294.13
500;Next Product Improved V2.1;0.262803261;TRUE;4037.2;8;5000.2628032610408014037.2
10;Solver method;0.063173795;TRUE;60.68;9;100.063173795424652660.68
10;Next Product2Buy;0.002453335;FALSE;93.42;9;100.0024533353463264493.42
10;Next Product Improved V2.1;0.012829139;TRUE;60.28;9;100.01282913873160160.28
20;Solver method;0.197683034;TRUE;165.7;9;200.197683033996335165.7
20;Next Product2Buy;0.010643291;FALSE;178.09;9;200.0106432907842385178.09
20;Next Product Improved V2.1;0.019684939;TRUE;150.4;9;200.019684939228668150.4
30;Solver method;0.328042115;TRUE;257.58;9;300.328042115316607257.58
30;Next Product2Buy;0.004112414;FALSE;268.89;9;300.00411241363069836268.89
30;Next Product Improved V2.1;0.028895613;TRUE;256.77;9;300.0288956134528109256.77
40;Solver method;0.487458451;TRUE;359.85;9;400.487458451247959359.85
40;Next Product2Buy;0.010758163;FALSE;411.94;9;400.0107581626733641411.94
40;Next Product Improved V2.1;0.036817671;TRUE;359.85;9;400.0368176712350123359.85
50;Solver method;374.8251075;TRUE;417.96;9;50374.825107548806417.96
50;Next Product2Buy;0.010815188;FALSE;401.5;9;500.0108151883612208401.5
50;Next Product Improved V2.1;0.030894795;TRUE;405.27;9;500.0308947945803765405.27
60;Solver method;1.080064476;TRUE;529.37;9;601.08006447595033529.37
60;Next Product2Buy;0.015901552;FALSE;561.84;9;600.015901551508989561.84
60;Next Product Improved V2.1;0.077191448;TRUE;529.37;9;600.0771914479519182529.37
70;Solver method;1.285930491;TRUE;630.45;9;701.28593049101988630.45
70;Next Product2Buy;0.008220314;FALSE;734.22;9;700.00822031443721016734.22
70;Next Product Improved V2.1;0.054102198;TRUE;622.33;9;700.0541021982377287622.33
80;Solver method;1.592242127;TRUE;681.7;9;801.5922421269679681.7
80;Next Product2Buy;0.03123941;FALSE;757.6;9;800.0312394102477355757.6
80;Next Product Improved V2.1;0.091197203;TRUE;674.41;9;800.0911972030335732674.41
90;Solver method;2.29781686;TRUE;790.2;9;902.29781685974717790.2
90;Next Product2Buy;0.016105039;FALSE;779.59;9;900.0161050388554144779.59
90;Next Product Improved V2.1;0.030771718;TRUE;751.78;9;900.0307717175562629751.78
100;Solver method;3.028660947;TRUE;874.97;9;1003.02866094659356874.97
100;Next Product2Buy;0.028743408;FALSE;870.42;9;1000.028743408199773870.42
100;Next Product Improved V2.1;0.063076154;TRUE;843.02;9;1000.0630761543188782843.02
150;Solver method;5.046187115;TRUE;913.73;9;1505.04618711482021913.73
150;Next Product2Buy;0.022102992;FALSE;1312.19;9;1500.02210299249475151312.19
150;Next Product Improved V2.1;0.233543576;TRUE;912.64;9;1500.23354357624089912.64
200;Solver method;7.321408674;TRUE;1787.15;9;2007.321408673976351787.15
200;Next Product2Buy;0.018236733;FALSE;1879.77;9;2000.01823673291221431879.77
200;Next Product Improved V2.1;0.150625765;TRUE;1748.36;9;2000.1506257646159951748.36
250;Solver method;12.54402752;TRUE;1909.69;9;25012.54402752330461909.69
250;Next Product2Buy;0.027080227;FALSE;2036.52;9;2500.02708022734788072036.52
250;Next Product Improved V2.1;0.122362357;TRUE;1884.69;9;2500.1223623568101851884.69
300;Solver method;15.93469287;TRUE;2685.53;9;30015.93469286949152685.53
300;Next Product2Buy;0.034230182;FALSE;3070.11;9;3000.03423018193245753070.11
300;Next Product Improved V2.1;0.48768081;TRUE;2685.53;9;3000.487680810404812685.53
350;Solver method;25.13224257;TRUE;3007.23;9;35025.13224257004513007.23
350;Next Product2Buy;0.044634293;FALSE;3647.53;9;3500.04463429303325483647.53
350;Next Product Improved V2.1;0.747872203;TRUE;2904.87;9;3500.7478722033823142904.87
400;Solver method;29.35551865;TRUE;3616.46;9;40029.35551865068193616.46
400;Next Product2Buy;0.036351209;FALSE;4068.7;9;4000.03635120931380694068.7
400;Next Product Improved V2.1;0.902568535;TRUE;3616.46;9;4000.9025685354408213616.46
450;Solver method;42.18750744;TRUE;3454.63;9;45042.18750743590353454.63
450;Next Product2Buy;0.038612955;FALSE;4835.18;9;4500.03861295475928724835.18
450;Next Product Improved V2.1;1.132715596;TRUE;3377.29;9;4501.132715596074373377.29
500;Solver method;58.03780926;TRUE;4385.75;9;50058.03780926179214385.75
500;Next Product2Buy;0.071942213;FALSE;5105.14;9;5000.07194221287568325105.14
500;Next Product Improved V2.1;2.939094104;TRUE;4338.36;9;5002.939094103872094338.36
600;Solver method;84.03389418;TRUE;5151.15;9;60084.03389418165685151.15
600;Next Product2Buy;0.080322117;FALSE;5863.1;9;6000.08032211718739295863.1
600;Next Product Improved V2.1;2.302175427;TRUE;4949.53;9;6002.302175427426054949.53
700;Solver method;111.8994243;TRUE;6260.3;9;700111.8994243277326260.3
700;Next Product2Buy;0.103018341;FALSE;6290.53;9;7000.1030183409382066290.53
700;Next Product Improved V2.1;1.006642877;TRUE;6074.47;9;7001.006642877245446074.47
800;Solver method;149.9162453;TRUE;7102.45;9;800149.9162452646117102.45
800;Next Product2Buy;0.132269237;FALSE;7187.09;9;8000.1322692367336917187.09
800;Next Product Improved V2.1;1.200995447;TRUE;6922.78;9;8001.200995446970636922.78
900;Solver method;176.2296765;TRUE;8121.29;9;900176.2296764961448121.29
900;Next Product2Buy;0.105726446;FALSE;8365.48;9;9000.1057264457242588365.48
900;Next Product Improved V2.1;4.878093438;TRUE;8024.5;9;9004.878093438435598024.5
1000;Solver method;207.4355048;TRUE;7832.66;9;1000207.4355047675937832.66
1000;Next Product2Buy;0.133049135;FALSE;8634.38;9;10000.1330491348094258634.38
1000;Next Product Improved V2.1;4.600755775;TRUE;7648.75;9;10004.6007557749797648.75
1200;Solver method;469.4597632;TRUE;10634.36;9;1200469.45976324903610634.36
1200;Next Product2Buy;0.144157657;FALSE;12161.12;9;12000.1441576567447112161.12
1200;Next Product Improved V2.1;6.915990085;TRUE;10485.17;9;12006.9159900849149310485.17
1400;Solver method;345.5046191;TRUE;12522.97;9;1400345.50461908071212522.97
1400;Next Product2Buy;0.142869861;FALSE;14097.84;9;14000.14286986081651714097.84
1400;Next Product Improved V2.1;8.637660831;TRUE;12352.91;9;14008.6376608309014912352.91
1600;Solver method;537.9637932;TRUE;14310.37;9;1600537.96379320106114310.37
1600;Next Product2Buy;0.211161609;FALSE;15904.94;9;16000.21116160915835215904.94
1600;Next Product Improved V2.1;11.0274671;TRUE;14035.8;9;160011.027467099459914035.8
1800;Solver method;737.2827641;TRUE;13562.9;9;1800737.28276412944713562.9
1800;Next Product2Buy;0.231623985;FALSE;14570.37;9;18000.23162398492240714570.37
1800;Next Product Improved V2.1;5.064983028;TRUE;13334.14;9;18005.064983027678413334.14
2000;Solver method;886.7640244;TRUE;18091.13;9;2000886.76402442176318091.13
2000;Next Product2Buy;0.371377535;FALSE;19060.59;9;20000.37137753548995519060.59
2000;Next Product Improved V2.1;22.80868579;TRUE;18091.13;9;200022.808685791742318091.13
600;Solver method;49.26966725;TRUE;5391.72;10;60049.26966724977685391.72
600;Next Product2Buy;0.057705751;FALSE;5572.4;10;6000.05770575145722745572.4
600;Next Product Improved V2.1;0.502153432;TRUE;5346.46;10;6000.5021534323635995346.46
600;Solver method;56.44082758;TRUE;5170.12;11;60056.44082758428295170.12
600;Next Product2Buy;0.080642739;FALSE;5413.39;11;6000.08064273945805665413.39
600;Next Product Improved V2.1;0.727306704;TRUE;5086.98;11;6000.7273067039069475086.98
700;Solver method;96.41632588;TRUE;4524.68;10;70096.41632588090114524.68
700;Next Product2Buy;0.074682954;FALSE;5604.61;10;7000.07468295436643755604.61
700;Next Product Improved V2.1;3.182733239;TRUE;4499.26;10;7003.182733238591594499.26
700;Solver method;97.04298249;TRUE;6309.89;11;70097.04298249356726309.89
700;Next Product2Buy;0.077810334;FALSE;6455.62;11;7000.07781033384969766455.62
700;Next Product Improved V2.1;1.483562694;TRUE;6255.57;11;7001.483562693640696255.57
800;Solver method;118.7927433;TRUE;7129.78;10;800118.7927433144727129.78
800;Next Product2Buy;0.100521681;FALSE;8362.62;10;8000.1005216811951758362.62
800;Next Product Improved V2.1;2.280194822;TRUE;6831.11;10;8002.280194822244366831.11
800;Solver method;110.0006027;TRUE;7183.42;11;800110.0006026656777183.42
800;Next Product2Buy;0.057472316;FALSE;7799.11;11;8000.05747231594284587799.11
800;Next Product Improved V2.1;3.689305125;TRUE;7149.98;11;8003.689305125242867149.98
900;Solver method;123.7870732;TRUE;7401.54;10;900123.7870731699317401.54
900;Next Product2Buy;0.099745477;FALSE;7113.58;10;9000.09974547734077537113.58
900;Next Product Improved V2.1;0.975377271;TRUE;7013.38;10;9000.975377271175837013.38
900;Solver method;137.5336401;TRUE;7410.46;11;900137.5336401499237410.46
900;Next Product2Buy;0.091885798;FALSE;9484.77;11;9000.09188579793101329484.77
900;Next Product Improved V2.1;2.854878597;TRUE;7165.88;11;9002.854878597122257165.88
900;Solver method;140.4308637;TRUE;8128.89;12;900140.4308637031988128.89
900;Next Product2Buy;0.061189233;FALSE;9221.92;12;9000.06118923292024199221.92
900;Next Product Improved V2.1;4.773359551;TRUE;8128.89;12;9004.773359551409958128.89
1000;Solver method;180.2155176;TRUE;8937.14;10;1000180.2155175950488937.14
1000;Next Product2Buy;0.091025492;FALSE;10443.45;10;10000.091025491650498210443.45
1000;Next Product Improved V2.1;6.171076232;TRUE;8753.99;10;10006.171076232079948753.99
1000;Solver method;172.8661073;TRUE;6764.79;11;1000172.8661072966446764.79
1000;Next Product2Buy;0.108164335;FALSE;9762.46;11;10000.1081643353199979762.46
1000;Next Product Improved V2.1;5.670123208;TRUE;6725.14;11;10005.67012320800296725.14
10;Solver method;0.070806038;TRUE;89.58;12;100.070806037651630589.58
10;Next Product2Buy;0.001995074;FALSE;95.98;12;100.001995073649109995.98
10;Next Product Improved V2.1;0.004167788;TRUE;89.58;12;100.0041677880323478589.58
30;Solver method;0.258011064;TRUE;265.03;12;300.258011063776715265.03
30;Next Product2Buy;0.004024199;FALSE;293.27;12;300.00402419852439217293.27
30;Next Product Improved V2.1;0.046481975;TRUE;254.79;12;300.0464819750039384254.79
40;Solver method;0.404336157;TRUE;340.54;12;400.404336156986819340.54
40;Next Product2Buy;0.009551164;FALSE;395.28;12;400.00955116381347476395.28
40;Next Product Improved V2.1;0.034131636;TRUE;340.54;12;400.034131636296802340.54
50;Solver method;0.513867875;TRUE;431.37;12;500.513867874678359431.37
50;Next Product2Buy;0.007675885;FALSE;474.15;12;500.00767588483957348474.15
50;Next Product Improved V2.1;0.036593581;TRUE;421.09;12;500.0365935809746365421.09
60;Solver method;0.759944189;TRUE;524.98;12;600.759944188809536524.98
60;Next Product2Buy;0.006573528;FALSE;626.57;12;600.00657352767421093626.57
60;Next Product Improved V2.1;0.032927946;TRUE;516.05;12;600.032927945964396516.05
80;Solver method;1.115063196;TRUE;707.07;12;801.11506319579373707.07
80;Next Product2Buy;0.065686456;FALSE;706.33;12;800.0656864563094048706.33
80;Next Product Improved V2.1;0.091710619;TRUE;685.12;12;800.0917106187312923685.12
90;Solver method;1.773046116;TRUE;797.35;12;901.77304611602688797.35
90;Next Product2Buy;0.014019669;FALSE;833.02;12;900.0140196693010556833.02
90;Next Product Improved V2.1;0.037972861;TRUE;792.32;12;900.0379728607624851792.32
100;Solver method;1.787333682;TRUE;879.39;12;1001.78733368232421879.39
100;Next Product2Buy;0.016550537;FALSE;902.67;12;1000.0165505369427085902.67
100;Next Product Improved V2.1;0.055029653;TRUE;852.53;12;1000.055029653284671852.53
150;Solver method;3.486776637;TRUE;1255.86;12;1503.486776637084491255.86
150;Next Product2Buy;0.01926725;FALSE;1496.6;12;1500.01926725043323071496.6
150;Next Product Improved V2.1;0.137999774;TRUE;1208.6;12;1500.1379997735388331208.6
200;Solver method;5.959523348;TRUE;1644.43;12;2005.95952334847451644.43
200;Next Product2Buy;0.013069517;FALSE;1763.24;12;2000.01306951701412721763.24
200;Next Product Improved V2.1;0.211444166;TRUE;1585.53;12;2000.2114441658352141585.53
250;Solver method;9.775670112;TRUE;2237.39;12;2509.775670111720842237.39
250;Next Product2Buy;0.026252675;FALSE;2518.82;12;2500.02625267486740762518.82
250;Next Product Improved V2.1;0.264008182;TRUE;2196.85;12;2500.2640081821404182196.85
300;Solver method;13.12079734;TRUE;2661;12;30013.120797340232661
300;Next Product2Buy;0.034284251;FALSE;3136.14;12;3000.0342842514309683136.14
300;Next Product Improved V2.1;0.44856829;TRUE;2551.73;12;3000.4485682895289642551.73
350;Solver method;20.75534686;TRUE;3139.68;12;35020.75534686302053139.68
350;Next Product2Buy;0.034749481;FALSE;3417.59;12;3500.03474948143674793417.59
350;Next Product Improved V2.1;0.449374852;TRUE;3139.68;12;3500.4493748523079333139.68
400;Solver method;23.66155461;TRUE;1972.71;12;40023.66155460667961972.71
400;Next Product2Buy;0.031654512;FALSE;3540.09;12;4000.03165451215669173540.09
400;Next Product Improved V2.1;1.057532213;TRUE;1957.85;12;4001.057532213280481957.85
450;Solver method;31.89335197;TRUE;3753.84;12;45031.89335196988393753.84
450;Next Product2Buy;0.037415733;FALSE;3605.15;12;4500.03741573347161873605.15
450;Next Product Improved V2.1;0.21964887;TRUE;3557.11;12;4500.2196488703198013557.11
500;Solver method;39.18719149;TRUE;4096.91;12;50039.18719148768574096.91
500;Next Product2Buy;0.071639677;FALSE;4655.85;12;5000.07163967730923564655.85
500;Next Product Improved V2.1;0.404589285;TRUE;4020.22;12;5000.4045892847765624020.22
1200;Solver method;257.7632738;TRUE;10781.22;12;1200257.76327382437110781.22
1200;Next Product2Buy;0.175032738;FALSE;11776.12;12;12000.17503273840782111776.12
1200;Next Product Improved V2.1;9.008516089;TRUE;10719.56;12;12009.0085160885889710719.56
2000;Solver method;855.7087299;TRUE;17375.65;12;2000855.70872991387917375.65
2000;Next Product2Buy;0.138964695;FALSE;18200.84;12;20000.138964695032218200.84
2000;Next Product Improved V2.1;10.00792778;TRUE;17059.79;12;200010.00792778186217059.79
1200;Solver method;294.0723031;TRUE;8889.83;13;1200294.0723030608368889.83
1200;Next Product2Buy;0.183712929;FALSE;9708.99;13;12000.1837129292914599708.99
1200;Next Product Improved V2.1;2.767604894;TRUE;8724.97;13;12002.767604894186888724.97
2000;Solver method;799.8067351;TRUE;17955.94;13;2000799.80673508638317955.94
2000;Next Product2Buy;0.364475299;FALSE;20086.54;13;20000.36447529932229320086.54
2000;Next Product Improved V2.1;27.23131121;TRUE;17794.82;13;200027.231311210155517794.82
1200;Solver method;303.2641329;TRUE;10578.25;14;1200303.26413289988410578.25
1200;Next Product2Buy;0.200810747;FALSE;12778.78;14;12000.20081074738709512778.78
1200;Next Product Improved V2.1;8.460002937;TRUE;10379.99;14;12008.46000293743110379.99
2000;Solver method;807.4209298;TRUE;16920.6;14;2000807.42092977078216920.6
2000;Next Product2Buy;0.289576961;FALSE;19289.56;14;20000.28957696069392119289.56
2000;Next Product Improved V2.1;21.0283458;TRUE;16553.33;14;200021.028345799637416553.33
2200;Solver method;1032.85602;TRUE;19683.07;14;22001032.8560199285819683.07
2200;Next Product2Buy;0.342765386;FALSE;22030.91;14;22000.34276538623112122030.91
2200;Next Product Improved V2.1;27.87045108;TRUE;19268.51;14;220027.870451084388119268.51
2400;Solver method;1169.816413;TRUE;20911.27;14;24001169.8164126089620911.27
2400;Next Product2Buy;0.410199122;FALSE;20664.69;14;24000.41019912172441720664.69
2400;Next Product Improved V2.1;8.223693582;TRUE;20048.07;14;24008.2236935816308620048.07
